{
    "rvec": [
        [
            -1.479240290848074
        ],
        [
            -0.031533705064472096
        ],
        [
            -0.008654345789267484
        ]
    ],
    "tvec": [
        [
            -406.3420592045333
        ],
        [
            -41.736963590269184
        ],
        [
            383.84275451481415
        ]
    ]
}