{
    "rvec": [
        [
            -1.481227960962378
        ],
        [
            -0.037622551883810675
        ],
        [
            -0.014539554514897387
        ]
    ],
    "tvec": [
        [
            -408.6671508349443
        ],
        [
            -40.9993824188113
        ],
        [
            380.1737627227504
        ]
    ]
}