{
    "rvec": [
        [
            -1.4749521343610128
        ],
        [
            -0.00539133384861685
        ],
        [
            0.02162082589089267
        ]
    ],
    "tvec": [
        [
            -395.7830692751535
        ],
        [
            -44.62946479323821
        ],
        [
            397.1998088182312
        ]
    ]
}