{
    "rvec": [
        [
            -1.481614317288842
        ],
        [
            0.009905603188640822
        ],
        [
            0.03526120465769878
        ]
    ],
    "tvec": [
        [
            -390.38866906830503
        ],
        [
            -42.568854634337264
        ],
        [
            406.737271765308
        ]
    ]
}