{
    "rvec": [
        [
            -1.4778222414204376
        ],
        [
            -0.012969582992601302
        ],
        [
            0.013438000014970043
        ]
    ],
    "tvec": [
        [
            -399.18255063445116
        ],
        [
            -43.437341497527946
        ],
        [
            394.02356045511505
        ]
    ]
}