{
    "rvec": [
        [
            -1.4780516614617785
        ],
        [
            -0.006156709756554773
        ],
        [
            0.02007982873328433
        ]
    ],
    "tvec": [
        [
            -396.5711866365329
        ],
        [
            -43.412659640260024
        ],
        [
            396.75783132071365
        ]
    ]
}