{
    "rvec": [
        [
            -1.4778489455244919
        ],
        [
            -0.009668076471922889
        ],
        [
            0.021709357463503675
        ]
    ],
    "tvec": [
        [
            -397.13815409135304
        ],
        [
            -44.966135621192414
        ],
        [
            397.9411054108594
        ]
    ]
}