{
    "camera_matrix": [
        [
            719.7283438517206,
            0.0,
            307.23206383512195
        ],
        [
            0.0,
            721.4127272957659,
            244.11832236242304
        ],
        [
            0.0,
            0.0,
            1.0
        ]
    ],
    "dist_coeffs": [
        [
            0.0012654538263395178,
            1.2392507067359622,
            0.0041180441631235845,
            -0.009012869109518089,
            -3.862966216182798
        ]
    ]
}