{
    "rvec": [
        [
            -1.477080107991933
        ],
        [
            -0.015375211154390977
        ],
        [
            0.012000741892948901
        ]
    ],
    "tvec": [
        [
            -399.7440521671457
        ],
        [
            -43.84613065855824
        ],
        [
            391.9878157835427
        ]
    ]
}