{
    "rvec": [
        [
            -1.4794662336142876
        ],
        [
            -0.01254486596733604
        ],
        [
            0.012211557445568044
        ]
    ],
    "tvec": [
        [
            -399.7838622004605
        ],
        [
            -42.72661666789999
        ],
        [
            395.5044578406717
        ]
    ]
}