{
    "rvec": [
        [
            -1.4797610689802767
        ],
        [
            -0.013562529248831702
        ],
        [
            0.010464715146059865
        ]
    ],
    "tvec": [
        [
            -400.1414979673678
        ],
        [
            -42.28046417630867
        ],
        [
            393.72527156977435
        ]
    ]
}